id,date,questions,answers
1,2010-10-01,742,1561
2,2010-10-02,400,783
3,2010-10-03,388,771
4,2010-10-04,762,1474
5,2010-10-05,821,1639
6,2010-10-06,876,1730
7,2010-10-07,854,1719
8,2010-10-08,793,1589
9,2010-10-09,327,641
10,2010-10-10,436,844
11,2010-10-11,780,1544
12,2010-10-12,863,1775
13,2010-10-13,883,1735
14,2010-10-14,911,1815
15,2010-10-15,785,1677
16,2010-10-16,423,889
17,2010-10-17,434,909
18,2010-10-18,825,1681
19,2010-10-19,892,1834
20,2010-10-20,913,1819
21,2010-10-21,942,1890
22,2010-10-22,851,1726
23,2010-10-23,488,994
24,2010-10-24,450,903
25,2010-10-25,848,1719
26,2010-10-26,897,1814
27,2010-10-27,953,1915
28,2010-10-28,907,1853
29,2010-10-29,830,1724
30,2010-10-30,468,944
31,2010-10-31,476,971
32,2010-11-01,825,1645
33,2010-11-02,879,1850
34,2010-11-03,934,1955
35,2010-11-04,938,1952
36,2010-11-05,831,1804
37,2010-11-06,492,994
38,2010-11-07,488,975
39,2010-11-08,893,1799
40,2010-11-09,1068,2171
41,2010-11-10,1003,2120
42,2010-11-11,1009,2069
43,2010-11-12,928,1975
44,2010-11-13,563,1125
45,2010-11-14,534,1099
46,2010-11-15,946,1967
47,2010-11-16,999,2110
48,2010-11-17,994,2126
49,2010-11-18,1050,2143
50,2010-11-19,948,2005
51,2010-11-20,563,1138
52,2010-11-21,570,1208
53,2010-11-22,1014,2165
54,2010-11-23,1078,2200
55,2010-11-24,1019,2174
56,2010-11-25,919,1852
57,2010-11-26,773,1621
58,2010-11-27,586,1180
59,2010-11-28,560,1213
60,2010-11-29,957,1966
61,2010-11-30,1057,2240
62,2010-12-01,1055,2197
63,2010-12-02,1094,2287
64,2010-12-03,989,2067
65,2010-12-04,601,1256
66,2010-12-05,616,1257
67,2010-12-06,1024,2106
68,2010-12-07,1093,2232
69,2010-12-08,1079,2217
70,2010-12-09,1082,2248
71,2010-12-10,1011,2081
72,2010-12-11,595,1239
73,2010-12-12,576,1192
74,2010-12-13,1022,2101
75,2010-12-14,1102,2275
76,2010-12-15,1087,2281
77,2010-12-16,1079,2191
78,2010-12-17,939,2004
79,2010-12-18,572,1210
80,2010-12-19,584,1205
81,2010-12-20,976,1980
82,2010-12-21,1021,2139
83,2010-12-22,1034,2112
84,2010-12-23,895,1897
85,2010-12-24,612,1271
86,2010-12-25,451,913
87,2010-12-26,479,969
88,2010-12-27,771,1546
89,2010-12-28,855,1739
90,2010-12-29,912,1863
91,2010-12-30,887,1858
92,2010-12-31,634,1350
93,2011-01-01,455,1011
94,2011-01-02,570,1235
95,2011-01-03,890,1898
96,2011-01-04,1067,2288
97,2011-01-05,1144,2381
98,2011-01-06,1144,2387
99,2011-01-07,1089,2262
100,2011-01-08,648,1362
101,2011-01-09,673,1453
102,2011-01-10,1119,2277
103,2011-01-11,1213,2471
104,2011-01-12,1226,2541
105,2011-01-13,1235,2516
106,2011-01-14,1115,2386
107,2011-01-15,677,1466
108,2011-01-16,721,1527
109,2011-01-17,1151,2326
110,2011-01-18,1208,2467
111,2011-01-19,1270,2604
112,2011-01-20,1293,2649
113,2011-01-21,1197,2473
114,2011-01-22,761,1572
115,2011-01-23,717,1533
116,2011-01-24,1222,2505
117,2011-01-25,1263,2594
118,2011-01-26,1228,2567
119,2011-01-27,1300,2629
120,2011-01-28,1194,2459
121,2011-01-29,738,1535
122,2011-01-30,742,1582
123,2011-01-31,1232,2521
124,2011-02-01,1278,2659
125,2011-02-02,1308,2710
126,2011-02-03,1326,2643
127,2011-02-04,1186,2536
128,2011-02-05,793,1627
129,2011-02-06,798,1650
130,2011-02-07,1256,2483
131,2011-02-08,1325,2627
132,2011-02-09,1352,2722
133,2011-02-10,1356,2735
134,2011-02-11,1264,2519
135,2011-02-12,775,1615
136,2011-02-13,792,1626
137,2011-02-14,1261,2490
138,2011-02-15,1362,2747
139,2011-02-16,1422,2869
140,2011-02-17,1406,2828
141,2011-02-18,1289,2650
142,2011-02-19,803,1690
143,2011-02-20,837,1745
144,2011-02-21,1331,2642
145,2011-02-22,1460,2894
146,2011-02-23,1498,3004
147,2011-02-24,1443,2948
148,2011-02-25,1325,2755
149,2011-02-26,832,1737
150,2011-02-27,814,1710
151,2011-02-28,1348,2766
152,2011-03-01,1414,2911
153,2011-03-02,1466,2963
154,2011-03-03,1441,2994
155,2011-03-04,1370,2873
156,2011-03-05,875,1851
157,2011-03-06,856,1788
158,2011-03-07,1416,2837
159,2011-03-08,1479,2948
160,2011-03-09,1568,3147
161,2011-03-10,1497,3107
162,2011-03-11,1374,2858
163,2011-03-12,840,1806
164,2011-03-13,877,1855
165,2011-03-14,1460,2874
166,2011-03-15,1510,3056
167,2011-03-16,1542,3170
168,2011-03-17,1498,3150
169,2011-03-18,1397,2897
170,2011-03-19,872,1836
171,2011-03-20,883,1818
172,2011-03-21,1441,2940
173,2011-03-22,1596,3288
174,2011-03-23,1583,3145
175,2011-03-24,1530,3217
176,2011-03-25,1390,2898
177,2011-03-26,886,1855
178,2011-03-27,932,1934
179,2011-03-28,1483,3023
180,2011-03-29,1555,3229
181,2011-03-30,1504,3167
182,2011-03-31,1581,3228
183,2011-04-01,1394,2908
184,2011-04-02,882,1855
185,2011-04-03,909,1872
186,2011-04-04,1458,2910
187,2011-04-05,1619,3273
188,2011-04-06,1647,3319
189,2011-04-07,1625,3357
190,2011-04-08,1457,3078
191,2011-04-09,914,1877
192,2011-04-10,911,1890
193,2011-04-11,1543,3131
194,2011-04-12,1622,3273
195,2011-04-13,1603,3310
196,2011-04-14,1600,3243
197,2011-04-15,1450,2984
198,2011-04-16,947,1935
199,2011-04-17,935,1930
200,2011-04-18,1515,3059
201,2011-04-19,1630,3248
202,2011-04-20,1633,3220
203,2011-04-21,1508,3162
204,2011-04-22,1243,2530
205,2011-04-23,923,1887
206,2011-04-24,878,1855
207,2011-04-25,1295,2593
208,2011-04-26,1560,3157
209,2011-04-27,1671,3334
210,2011-04-28,1630,3374
211,2011-04-29,1429,2926
212,2011-04-30,962,1945
213,2011-05-01,964,1975
214,2011-05-02,1415,2795
215,2011-05-03,1570,3203
216,2011-05-04,1639,3353
217,2011-05-05,1667,3336
218,2011-05-06,1511,3090
219,2011-05-07,941,1942
220,2011-05-08,925,1919
221,2011-05-09,1543,3016
222,2011-05-10,1666,3340
223,2011-05-11,1700,3363
224,2011-05-12,1662,3318
225,2011-05-13,1555,3185
226,2011-05-14,942,1975
227,2011-05-15,941,1938
228,2011-05-16,1557,3106
229,2011-05-17,1634,3315
230,2011-05-18,1667,3350
231,2011-05-19,1645,3320
232,2011-05-20,1534,3119
233,2011-05-21,935,1948
234,2011-05-22,948,1951
235,2011-05-23,1578,3154
236,2011-05-24,1664,3369
237,2011-05-25,1688,3456
238,2011-05-26,1704,3405
239,2011-05-27,1488,3117
240,2011-05-28,925,1984
241,2011-05-29,919,1931
242,2011-05-30,1355,2721
243,2011-05-31,1592,3246
244,2011-06-01,1694,3500
245,2011-06-02,1554,3176
246,2011-06-03,1492,3081
247,2011-06-04,948,1993
248,2011-06-05,978,2042
249,2011-06-06,1593,3133
250,2011-06-07,1629,3335
251,2011-06-08,1682,3352
252,2011-06-09,1717,3415
253,2011-06-10,1542,3193
254,2011-06-11,931,1978
255,2011-06-12,954,2001
256,2011-06-13,1545,3091
257,2011-06-14,1667,3456
258,2011-06-15,1721,3501
259,2011-06-16,1726,3518
260,2011-06-17,1563,3309
261,2011-06-18,1005,2096
262,2011-06-19,951,2004
263,2011-06-20,1634,3257
264,2011-06-21,1749,3571
265,2011-06-22,1755,3594
266,2011-06-23,1713,3522
267,2011-06-24,1568,3286
268,2011-06-25,969,2069
269,2011-06-26,966,2062
270,2011-06-27,1613,3207
271,2011-06-28,1709,3474
272,2011-06-29,1740,3500
273,2011-06-30,1698,3445
274,2011-07-01,1490,3132
275,2011-07-02,946,1997
276,2011-07-03,963,2010
277,2011-07-04,1425,2842
278,2011-07-05,1676,3341
279,2011-07-06,1754,3524
280,2011-07-07,1773,3530
281,2011-07-08,1644,3379
282,2011-07-09,1001,2151
283,2011-07-10,995,2060
284,2011-07-11,1717,3421
285,2011-07-12,1795,3655
286,2011-07-13,1789,3630
287,2011-07-14,1795,3552
288,2011-07-15,1628,3364
289,2011-07-16,1024,2210
290,2011-07-17,1012,2175
291,2011-07-18,1697,3388
292,2011-07-19,1811,3717
293,2011-07-20,1783,3616
294,2011-07-21,1790,3619
295,2011-07-22,1653,3395
296,2011-07-23,1039,2212
297,2011-07-24,1022,2179
298,2011-07-25,1703,3433
299,2011-07-26,1804,3567
300,2011-07-27,1848,3708
301,2011-07-28,1811,3694
302,2011-07-29,1660,3423
303,2011-07-30,1034,2205
304,2011-07-31,1030,2197
305,2011-08-01,1676,3332
306,2011-08-02,1818,3642
307,2011-08-03,1834,3710
308,2011-08-04,1920,3857
309,2011-08-05,1732,3604
310,2011-08-06,996,2076
311,2011-08-07,1067,2298
312,2011-08-08,1733,3462
313,2011-08-09,1845,3733
314,2011-08-10,1886,3798
315,2011-08-11,1893,3801
316,2011-08-12,1712,3522
317,2011-08-13,1058,2267
318,2011-08-14,1053,2255
319,2011-08-15,1598,3179
320,2011-08-16,1824,3733
321,2011-08-17,1859,3733
322,2011-08-18,1844,3771
323,2011-08-19,1718,3462
324,2011-08-20,1109,2327
325,2011-08-21,1082,2258
326,2011-08-22,1700,3484
327,2011-08-23,1819,3643
328,2011-08-24,1875,3855
329,2011-08-25,1883,3847
330,2011-08-26,1689,3506
331,2011-08-27,1078,2265
332,2011-08-28,1091,2332
333,2011-08-29,1660,3366
334,2011-08-30,1767,3661
335,2011-08-31,1797,3655
336,2011-09-01,1738,3500
337,2011-09-02,1658,3343
338,2011-09-03,1066,2240
339,2011-09-04,1071,2263
340,2011-09-05,1540,3067
341,2011-09-06,1819,3626
342,2011-09-07,1887,3699
343,2011-09-08,1854,3690
344,2011-09-09,1699,3467
345,2011-09-10,1135,2364
346,2011-09-11,1126,2338
347,2011-09-12,1760,3517
348,2011-09-13,1893,3721
349,2011-09-14,1885,3756
350,2011-09-15,1861,3750
351,2011-09-16,1713,3428
352,2011-09-17,1158,2446
353,2011-09-18,1117,2341
354,2011-09-19,1803,3517
355,2011-09-20,1892,3759
356,2011-09-21,1928,3870
357,2011-09-22,1913,3861
358,2011-09-23,1759,3567
359,2011-09-24,1162,2381
360,2011-09-25,1145,2374
361,2011-09-26,1812,3572
362,2011-09-27,1852,3799
363,2011-09-28,1897,3715
364,2011-09-29,1820,3634
365,2011-09-30,1733,3488
366,2011-10-01,1114,2388
367,2011-10-02,1118,2314
368,2011-10-03,1673,3348
369,2011-10-04,1827,3642
370,2011-10-05,1849,3714
371,2011-10-06,1792,3534
372,2011-10-07,1706,3409
373,2011-10-08,1131,2402
374,2011-10-09,1192,2431
375,2011-10-10,1759,3451
376,2011-10-11,1897,3725
377,2011-10-12,1901,3775
378,2011-10-13,1879,3729
379,2011-10-14,1793,3580
380,2011-10-15,1195,2425
381,2011-10-16,1191,2427
382,2011-10-17,1803,3553
383,2011-10-18,1933,3784
384,2011-10-19,1972,3867
385,2011-10-20,1925,3795
386,2011-10-21,1807,3651
387,2011-10-22,1220,2505
388,2011-10-23,1204,2482
389,2011-10-24,1841,3657
390,2011-10-25,1903,3888
391,2011-10-26,1803,3720
392,2011-10-27,1885,3765
393,2011-10-28,1721,3529
394,2011-10-29,1169,2467
395,2011-10-30,1176,2419
396,2011-10-31,1782,3518
397,2011-11-01,1879,3690
398,2011-11-02,1957,3953
399,2011-11-03,1985,3969
400,2011-11-04,1895,3832
401,2011-11-05,1232,2587
402,2011-11-06,1244,2593
403,2011-11-07,1853,3660
404,2011-11-08,1959,3921
405,2011-11-09,1982,3977
406,2011-11-10,2000,3985
407,2011-11-11,1846,3770
408,2011-11-12,1241,2631
409,2011-11-13,1272,2658
410,2011-11-14,1935,3893
411,2011-11-15,2006,4108
412,2011-11-16,2102,4198
413,2011-11-17,2084,4257
414,2011-11-18,1938,4081
415,2011-11-19,1320,2754
416,2011-11-20,1321,2715
417,2011-11-21,1990,3964
418,2011-11-22,2087,4149
419,2011-11-23,2051,4149
420,2011-11-24,1852,3728
421,2011-11-25,1723,3474
422,2011-11-26,1285,2708
423,2011-11-27,1301,2764
424,2011-11-28,1958,3960
425,2011-11-29,2086,4201
426,2011-11-30,2089,4229
427,2011-12-01,2051,4190
428,2011-12-02,1945,3969
429,2011-12-03,1336,2826
430,2011-12-04,1321,2784
431,2011-12-05,1971,3936
432,2011-12-06,2091,4153
433,2011-12-07,2166,4273
434,2011-12-08,2071,4169
435,2011-12-09,1910,3938
436,2011-12-10,1344,2795
437,2011-12-11,1341,2811
438,2011-12-12,2004,3990
439,2011-12-13,2117,4211
440,2011-12-14,2119,4286
441,2011-12-15,2059,4154
442,2011-12-16,1881,3912
443,2011-12-17,1321,2761
444,2011-12-18,1284,2719
445,2011-12-19,1958,3864
446,2011-12-20,1992,4123
447,2011-12-21,2012,4096
448,2011-12-22,1870,3878
449,2011-12-23,1651,3428
450,2011-12-24,1166,2536
451,2011-12-25,1054,2318
452,2011-12-26,1394,2830
453,2011-12-27,1637,3346
454,2011-12-28,1804,3716
455,2011-12-29,1810,3728
456,2011-12-30,1633,3419
457,2011-12-31,1188,2584
458,2012-01-01,1124,2478
459,2012-01-02,1614,3344
460,2012-01-03,1954,4058
461,2012-01-04,2103,4384
462,2012-01-05,2173,4447
463,2012-01-06,1992,4208
464,2012-01-07,1436,3004
465,2012-01-08,1436,3078
466,2012-01-09,2064,4125
467,2012-01-10,2143,4368
468,2012-01-11,2212,4469
469,2012-01-12,2212,4362
470,2012-01-13,2084,4228
471,2012-01-14,1384,2895
472,2012-01-15,1442,2980
473,2012-01-16,2005,3968
474,2012-01-17,2160,4406
475,2012-01-18,2177,4485
476,2012-01-19,2199,4476
477,2012-01-20,2050,4185
478,2012-01-21,1468,3064
479,2012-01-22,1447,3039
480,2012-01-23,2084,4191
481,2012-01-24,2238,4449
482,2012-01-25,2248,4501
483,2012-01-26,2151,4326
484,2012-01-27,2056,4162
485,2012-01-28,1465,3036
486,2012-01-29,1474,3059
487,2012-01-30,2141,4224
488,2012-01-31,2287,4529
489,2012-02-01,2283,4527
490,2012-02-02,2303,4636
491,2012-02-03,2171,4384
492,2012-02-04,1519,3142
493,2012-02-05,1519,3128
494,2012-02-06,2180,4285
495,2012-02-07,2326,4712
496,2012-02-08,2405,4810
497,2012-02-09,2393,4788
498,2012-02-10,2227,4476
499,2012-02-11,1540,3184
500,2012-02-12,1573,3204
501,2012-02-13,2269,4477
502,2012-02-14,2316,4539
503,2012-02-15,2433,4782
504,2012-02-16,2430,4795
505,2012-02-17,2279,4555
506,2012-02-18,1515,3121
507,2012-02-19,1619,3301
508,2012-02-20,2287,4440
509,2012-02-21,2399,4723
510,2012-02-22,2472,4915
511,2012-02-23,2497,5003
512,2012-02-24,2315,4611
513,2012-02-25,1630,3404
514,2012-02-26,1627,3335
515,2012-02-27,2273,4547
516,2012-02-28,2443,4848
517,2012-02-29,2420,4773
518,2012-03-01,2457,4843
519,2012-03-02,2310,4604
520,2012-03-03,1610,3267
521,2012-03-04,1619,3329
522,2012-03-05,2326,4564
523,2012-03-06,2475,4945
524,2012-03-07,2442,4827
525,2012-03-08,2332,4559
526,2012-03-09,2276,4509
527,2012-03-10,1584,3283
528,2012-03-11,1610,3307
529,2012-03-12,2389,4627
530,2012-03-13,2474,4890
531,2012-03-14,2513,4964
532,2012-03-15,2491,4940
533,2012-03-16,2296,4633
534,2012-03-17,1598,3341
535,2012-03-18,1600,3255
536,2012-03-19,2378,4661
537,2012-03-20,2467,4799
538,2012-03-21,2524,4952
539,2012-03-22,2521,4940
540,2012-03-23,2262,4632
541,2012-03-24,1609,3347
542,2012-03-25,1583,3241
543,2012-03-26,2378,4683
544,2012-03-27,2505,4983
545,2012-03-28,2541,4959
546,2012-03-29,2523,5025
547,2012-03-30,2336,4798
548,2012-03-31,1634,3394
549,2012-04-01,1620,3332
550,2012-04-02,2372,4620
551,2012-04-03,2538,4991
552,2012-04-04,2551,4980
553,2012-04-05,2437,4755
554,2012-04-06,2003,4113
555,2012-04-07,1669,3359
556,2012-04-08,1597,3265
557,2012-04-09,2143,4287
558,2012-04-10,2444,4818
559,2012-04-11,2545,4946
560,2012-04-12,2587,4999
561,2012-04-13,2345,4788
562,2012-04-14,1619,3359
563,2012-04-15,1671,3402
564,2012-04-16,2415,4668
565,2012-04-17,2522,4960
566,2012-04-18,2643,5269
567,2012-04-19,2655,5189
568,2012-04-20,2427,4781
569,2012-04-21,1714,3455
570,2012-04-22,1718,3467
571,2012-04-23,2509,4776
572,2012-04-24,2573,4999
573,2012-04-25,2579,5062
574,2012-04-26,2546,4995
575,2012-04-27,2405,4779
576,2012-04-28,1705,3515
577,2012-04-29,1653,3369
578,2012-04-30,2283,4508
579,2012-05-01,2203,4364
580,2012-05-02,2533,4990
581,2012-05-03,2558,5011
582,2012-05-04,2448,4884
583,2012-05-05,1729,3532
584,2012-05-06,1638,3370
585,2012-05-07,2352,4582
586,2012-05-08,2521,5044
587,2012-05-09,2580,4982
588,2012-05-10,2638,5093
589,2012-05-11,2412,4856
590,2012-05-12,1647,3413
591,2012-05-13,1614,3287
592,2012-05-14,2483,4775
593,2012-05-15,2598,5088
594,2012-05-16,2595,5079
595,2012-05-17,2473,4909
596,2012-05-18,2411,4769
597,2012-05-19,1672,3455
598,2012-05-20,1646,3426
599,2012-05-21,2411,4728
600,2012-05-22,2599,5079
601,2012-05-23,2607,5136
602,2012-05-24,2572,5006
603,2012-05-25,2390,4747
604,2012-05-26,1636,3384
605,2012-05-27,1588,3304
606,2012-05-28,2177,4345
607,2012-05-29,2529,4926
608,2012-05-30,2600,5113
609,2012-05-31,2538,5034
610,2012-06-01,2412,4848
611,2012-06-02,1653,3441
612,2012-06-03,1651,3411
613,2012-06-04,2385,4598
614,2012-06-05,2533,4944
615,2012-06-06,2589,5081
616,2012-06-07,2623,5102
617,2012-06-08,2423,4829
618,2012-06-09,1652,3448
619,2012-06-10,1649,3375
620,2012-06-11,2448,4752
621,2012-06-12,2577,5103
622,2012-06-13,2714,5312
623,2012-06-14,2667,5181
624,2012-06-15,2497,5025
625,2012-06-16,1673,3516
626,2012-06-17,1665,3397
627,2012-06-18,2593,4977
628,2012-06-19,2687,5272
629,2012-06-20,2748,5308
630,2012-06-21,2765,5318
631,2012-06-22,2531,5076
632,2012-06-23,1690,3534
633,2012-06-24,1686,3493
634,2012-06-25,2579,4989
635,2012-06-26,2752,5344
636,2012-06-27,2772,5389
637,2012-06-28,2697,5251
638,2012-06-29,2500,4840
639,2012-06-30,1693,3532
640,2012-07-01,1686,3474
641,2012-07-02,2533,4916
642,2012-07-03,2728,5246
643,2012-07-04,2446,4824
644,2012-07-05,2676,5178
645,2012-07-06,2598,5118
646,2012-07-07,1741,3620
647,2012-07-08,1703,3541
648,2012-07-09,2629,5111
649,2012-07-10,2788,5417
650,2012-07-11,2864,5562
651,2012-07-12,2826,5469
652,2012-07-13,2624,5174
653,2012-07-14,1721,3623
654,2012-07-15,1723,3590
655,2012-07-16,2694,5193
656,2012-07-17,2776,5259
657,2012-07-18,2865,5567
658,2012-07-19,2840,5474
659,2012-07-20,2626,5205
660,2012-07-21,1738,3610
661,2012-07-22,1762,3595
662,2012-07-23,2682,5170
663,2012-07-24,2781,5494
664,2012-07-25,2884,5547
665,2012-07-26,2854,5535
666,2012-07-27,2646,5274
667,2012-07-28,1771,3693
668,2012-07-29,1751,3658
669,2012-07-30,2691,5225
670,2012-07-31,2867,5614
671,2012-08-01,2761,5470
672,2012-08-02,2771,5418
673,2012-08-03,2624,5291
674,2012-08-04,1743,3617
675,2012-08-05,1762,3634
676,2012-08-06,2606,5072
677,2012-08-07,2778,5412
678,2012-08-08,2826,5614
679,2012-08-09,2819,5480
680,2012-08-10,2627,5237
681,2012-08-11,1710,3615
682,2012-08-12,1764,3660
683,2012-08-13,2671,5185
684,2012-08-14,2775,5531
685,2012-08-15,2587,5180
686,2012-08-16,2769,5401
687,2012-08-17,2593,5160
688,2012-08-18,1810,3768
689,2012-08-19,1735,3594
690,2012-08-20,2562,5048
691,2012-08-21,2704,5438
692,2012-08-22,2791,5457
693,2012-08-23,2816,5480
694,2012-08-24,2610,5157
695,2012-08-25,1797,3769
696,2012-08-26,1781,3735
697,2012-08-27,2608,5108
698,2012-08-28,2764,5432
699,2012-08-29,2848,5606
700,2012-08-30,2861,5662
701,2012-08-31,2576,5256
702,2012-09-01,1788,3782
703,2012-09-02,1783,3737
704,2012-09-03,2457,4770
705,2012-09-04,2730,5370
706,2012-09-05,2815,5518
707,2012-09-06,2832,5603
708,2012-09-07,2636,5298
709,2012-09-08,1829,3812
710,2012-09-09,1832,3795
711,2012-09-10,2696,5269
712,2012-09-11,2827,5550
713,2012-09-12,2817,5430
714,2012-09-13,2873,5602
715,2012-09-14,2652,5273
716,2012-09-15,1766,3719
717,2012-09-16,1818,3770
718,2012-09-17,2758,5249
719,2012-09-18,2810,5481
720,2012-09-19,2777,5432
721,2012-09-20,2822,5506
722,2012-09-21,2692,5313
723,2012-09-22,1891,3935
724,2012-09-23,1835,3867
725,2012-09-24,2754,5325
726,2012-09-25,2837,5545
727,2012-09-26,2927,5763
728,2012-09-27,2946,5835
729,2012-09-28,2681,5357
730,2012-09-29,1852,3880
731,2012-09-30,1826,3868
732,2012-10-01,2672,5250
733,2012-10-02,2731,5480
734,2012-10-03,2856,5596
735,2012-10-04,2895,5745
736,2012-10-05,2723,5535
737,2012-10-06,1952,4045
738,2012-10-07,1922,3930
739,2012-10-08,2705,5343
740,2012-10-09,2895,5723
741,2012-10-10,3001,5886
742,2012-10-11,3008,5950
743,2012-10-12,2814,5631
744,2012-10-13,1939,4084
745,2012-10-14,1951,4071
746,2012-10-15,2852,5505
747,2012-10-16,3000,5837
748,2012-10-17,3035,5948
749,2012-10-18,3058,5934
750,2012-10-19,2846,5711
751,2012-10-20,2007,4139
752,2012-10-21,2014,4125
753,2012-10-22,2888,5648
754,2012-10-23,2964,5843
755,2012-10-24,2910,5710
756,2012-10-25,2987,5867
757,2012-10-26,2714,5431
758,2012-10-27,1967,4099
759,2012-10-28,1948,4009
760,2012-10-29,2805,5387
761,2012-10-30,2837,5579
762,2012-10-31,2946,5756
763,2012-11-01,2878,5638
764,2012-11-02,2811,5489
765,2012-11-03,2030,4223
766,2012-11-04,2018,4152
767,2012-11-05,2908,5603
768,2012-11-06,2969,5764
769,2012-11-07,2989,5757
770,2012-11-08,3083,5881
771,2012-11-09,2820,5594
772,2012-11-10,2015,4142
773,2012-11-11,2017,4144
774,2012-11-12,2773,5417
775,2012-11-13,2854,5539
776,2012-11-14,2959,5775
777,2012-11-15,3013,5834
778,2012-11-16,2858,5622
779,2012-11-17,2076,4198
780,2012-11-18,2078,4225
781,2012-11-19,2995,5767
782,2012-11-20,3091,5965
783,2012-11-21,3061,5988
784,2012-11-22,2852,5584
785,2012-11-23,2624,5241
786,2012-11-24,2074,4230
787,2012-11-25,2109,4270
788,2012-11-26,2957,5711
789,2012-11-27,3122,6024
790,2012-11-28,3244,6220
791,2012-11-29,3169,6081
792,2012-11-30,2918,5695
793,2012-12-01,2103,4303
794,2012-12-02,2152,4333
795,2012-12-03,3020,5698
796,2012-12-04,3156,6057
797,2012-12-05,3171,6192
798,2012-12-06,3104,6076
799,2012-12-07,2926,5717
800,2012-12-08,2143,4361
801,2012-12-09,2112,4335
802,2012-12-10,2962,5681
803,2012-12-11,3071,5914
804,2012-12-12,3150,6131
805,2012-12-13,3106,6069
806,2012-12-14,2841,5567
807,2012-12-15,2038,4215
808,2012-12-16,2049,4208
809,2012-12-17,2872,5599
810,2012-12-18,3020,5941
811,2012-12-19,3079,6142
812,2012-12-20,2965,5989
813,2012-12-21,2684,5533
814,2012-12-22,1971,4187
815,2012-12-23,1921,4017
816,2012-12-24,2168,4550
817,2012-12-25,1904,4077
818,2012-12-26,2361,4871
819,2012-12-27,2590,5319
820,2012-12-28,2529,5182
821,2012-12-29,2044,4389
822,2012-12-30,1980,4225
823,2012-12-31,2171,4592
824,2013-01-01,1952,4163
825,2013-01-02,2690,5364
826,2013-01-03,2894,5825
827,2013-01-04,2895,5741
828,2013-01-05,2193,4557
829,2013-01-06,2146,4465
830,2013-01-07,2950,5794
831,2013-01-08,3126,6169
832,2013-01-09,3206,6202
833,2013-01-10,3209,6268
834,2013-01-11,3072,6059
835,2013-01-12,2195,4564
836,2013-01-13,2183,4483
837,2013-01-14,2932,5667
838,2013-01-15,3202,6173
839,2013-01-16,3246,6333
840,2013-01-17,3219,6186
841,2013-01-18,3063,6050
842,2013-01-19,2194,4538
843,2013-01-20,2190,4510
844,2013-01-21,3061,5833
845,2013-01-22,3291,6325
846,2013-01-23,3331,6413
847,2013-01-24,3323,6452
848,2013-01-25,3058,6026
849,2013-01-26,2220,4620
850,2013-01-27,2264,4588
851,2013-01-28,3163,6116
852,2013-01-29,3324,6301
853,2013-01-30,3382,6498
854,2013-01-31,3302,6416
855,2013-02-01,3170,6170
856,2013-02-02,2259,4602
857,2013-02-03,2273,4630
858,2013-02-04,3167,6017
859,2013-02-05,3320,6444
860,2013-02-06,3419,6521
861,2013-02-07,3439,6588
862,2013-02-08,3172,6255
863,2013-02-09,2169,4449
864,2013-02-10,2314,4665
865,2013-02-11,3159,6024
866,2013-02-12,3317,6373
867,2013-02-13,3385,6450
868,2013-02-14,3315,6327
869,2013-02-15,3125,6056
870,2013-02-16,2324,4717
871,2013-02-17,2312,4674
872,2013-02-18,3212,6182
873,2013-02-19,3514,6571
874,2013-02-20,3464,6644
875,2013-02-21,3484,6616
876,2013-02-22,3296,6404
877,2013-02-23,2402,4848
878,2013-02-24,2319,4685
879,2013-02-25,3324,6304
880,2013-02-26,3500,6727
881,2013-02-27,3527,6798
882,2013-02-28,3542,6796
883,2013-03-01,3246,6433
884,2013-03-02,2403,4842
885,2013-03-03,2388,4793
886,2013-03-04,3363,6348
887,2013-03-05,3530,6767
888,2013-03-06,3647,6953
889,2013-03-07,3600,6871
890,2013-03-08,3341,6434
891,2013-03-09,2393,4880
892,2013-03-10,2417,4851
893,2013-03-11,3422,6466
894,2013-03-12,3576,6930
895,2013-03-13,3617,6967
896,2013-03-14,3629,6877
897,2013-03-15,3339,6585
898,2013-03-16,2416,4969
899,2013-03-17,2388,4843
900,2013-03-18,3408,6439
901,2013-03-19,3623,6848
902,2013-03-20,3620,6988
903,2013-03-21,3560,6851
904,2013-03-22,3311,6545
905,2013-03-23,2426,4875
906,2013-03-24,2432,4945
907,2013-03-25,3418,6449
908,2013-03-26,3506,6745
909,2013-03-27,3492,6676
910,2013-03-28,3489,6734
911,2013-03-29,3027,5983
912,2013-03-30,2383,4849
913,2013-03-31,2359,4804
914,2013-04-01,3058,5824
915,2013-04-02,3575,6721
916,2013-04-03,3637,6927
917,2013-04-04,3605,6842
918,2013-04-05,3402,6598
919,2013-04-06,2428,4965
920,2013-04-07,2486,4924
921,2013-04-08,3457,6579
922,2013-04-09,3639,6886
923,2013-04-10,3663,6963
924,2013-04-11,3481,6702
925,2013-04-12,3434,6609
926,2013-04-13,2415,4925
927,2013-04-14,2467,4902
928,2013-04-15,3375,6414
929,2013-04-16,3509,6814
930,2013-04-17,3582,6906
931,2013-04-18,3561,6841
932,2013-04-19,3291,6446
933,2013-04-20,2450,4939
934,2013-04-21,2379,4870
935,2013-04-22,3416,6531
936,2013-04-23,3550,6793
937,2013-04-24,3621,6925
938,2013-04-25,3548,6826
939,2013-04-26,3310,6448
940,2013-04-27,2390,4925
941,2013-04-28,2453,4907
942,2013-04-29,3355,6534
943,2013-04-30,3373,6523
944,2013-05-01,3052,5999
945,2013-05-02,3438,6627
946,2013-05-03,3223,6403
947,2013-05-04,2376,4868
948,2013-05-05,2340,4777
949,2013-05-06,3194,6189
950,2013-05-07,3460,6636
951,2013-05-08,3454,6728
952,2013-05-09,3403,6538
953,2013-05-10,3200,6332
954,2013-05-11,2354,4831
955,2013-05-12,2340,4832
956,2013-05-13,3319,6370
957,2013-05-14,3487,6718
958,2013-05-15,3527,6870
959,2013-05-16,3562,6869
960,2013-05-17,3305,6471
961,2013-05-18,2380,4950
962,2013-05-19,2365,4871
963,2013-05-20,3255,6291
964,2013-05-21,3494,6691
965,2013-05-22,3556,6806
966,2013-05-23,3566,6889
967,2013-05-24,3248,6402
968,2013-05-25,2301,4781
969,2013-05-26,2290,4769
970,2013-05-27,3087,5995
971,2013-05-28,3465,6755
972,2013-05-29,3560,6981
973,2013-05-30,3552,6830
974,2013-05-31,3313,6538
975,2013-06-01,2394,4983
976,2013-06-02,2333,4805
977,2013-06-03,3312,6290
978,2013-06-04,3497,6813
979,2013-06-05,3595,6913
980,2013-06-06,3573,6949
981,2013-06-07,3386,6616
982,2013-06-08,2394,4934
983,2013-06-09,2366,4872
984,2013-06-10,3310,6332
985,2013-06-11,3501,6664
986,2013-06-12,3503,6768
987,2013-06-13,3533,6827
988,2013-06-14,3336,6450
989,2013-06-15,2349,4879
990,2013-06-16,2326,4815
991,2013-06-17,3398,6435
992,2013-06-18,3609,6881
993,2013-06-19,3630,6943
994,2013-06-20,3640,6959
995,2013-06-21,3356,6626
996,2013-06-22,2392,4985
997,2013-06-23,2353,4883
998,2013-06-24,3438,6655
999,2013-06-25,3609,7011
1000,2013-06-26,3665,7025
1001,2013-06-27,3676,7051
1002,2013-06-28,3386,6622
1003,2013-06-29,2391,4991
1004,2013-06-30,2380,4944
1005,2013-07-01,3350,6448
1006,2013-07-02,3636,6938
1007,2013-07-03,3640,7004
1008,2013-07-04,3356,6496
1009,2013-07-05,3252,6512
1010,2013-07-06,2335,4881
1011,2013-07-07,2318,4822
1012,2013-07-08,3435,6599
1013,2013-07-09,3650,7064
1014,2013-07-10,3657,7080
1015,2013-07-11,3682,7011
1016,2013-07-12,3411,6677
1017,2013-07-13,2350,4888
1018,2013-07-14,2353,4897
1019,2013-07-15,3541,6727
1020,2013-07-16,3751,7123
1021,2013-07-17,3799,7176
1022,2013-07-18,3783,7223
1023,2013-07-19,3520,6898
1024,2013-07-20,2441,5077
1025,2013-07-21,2444,5023
1026,2013-07-22,3570,6835
1027,2013-07-23,3796,7292
1028,2013-07-24,3840,7340
1029,2013-07-25,3800,7418
1030,2013-07-26,3572,7103
1031,2013-07-27,2486,5145
1032,2013-07-28,2496,5106
1033,2013-07-29,3613,7041
1034,2013-07-30,3759,7231
1035,2013-07-31,3804,7368
1036,2013-08-01,3780,7388
1037,2013-08-02,3510,7042
1038,2013-08-03,2449,5159
1039,2013-08-04,2450,5128
1040,2013-08-05,3520,6840
1041,2013-08-06,3675,7212
1042,2013-08-07,3786,7332
1043,2013-08-08,3675,7206
1044,2013-08-09,3326,6652
1045,2013-08-10,2413,5090
1046,2013-08-11,2451,5136
1047,2013-08-12,3537,6843
1048,2013-08-13,3712,7226
1049,2013-08-14,3733,7351
1050,2013-08-15,3392,6730
1051,2013-08-16,3417,6778
1052,2013-08-17,2476,5183
1053,2013-08-18,2485,5112
1054,2013-08-19,3462,6756
1055,2013-08-20,3642,7081
1056,2013-08-21,3699,7283
1057,2013-08-22,3746,7338
1058,2013-08-23,3525,6986
1059,2013-08-24,2515,5243
1060,2013-08-25,2486,5204
1061,2013-08-26,3474,6756
1062,2013-08-27,3655,7197
1063,2013-08-28,3756,7269
1064,2013-08-29,3717,7259
1065,2013-08-30,3409,6871
1066,2013-08-31,2505,5250
1067,2013-09-01,2461,5164
1068,2013-09-02,3283,6442
1069,2013-09-03,3557,6986
1070,2013-09-04,3695,7213
1071,2013-09-05,3673,7221
1072,2013-09-06,3481,6960
1073,2013-09-07,2524,5292
1074,2013-09-08,2547,5252
1075,2013-09-09,3403,6638
1076,2013-09-10,3664,7149
1077,2013-09-11,3738,7237
1078,2013-09-12,3767,7344
1079,2013-09-13,3538,7043
1080,2013-09-14,2534,5248
1081,2013-09-15,2585,5368
1082,2013-09-16,3608,6868
1083,2013-09-17,3753,7290
1084,2013-09-18,3737,7330
1085,2013-09-19,3784,7290
1086,2013-09-20,3550,7037
1087,2013-09-21,2609,5390
1088,2013-09-22,2596,5336
1089,2013-09-23,3579,6964
1090,2013-09-24,3845,7457
1091,2013-09-25,3832,7391
1092,2013-09-26,3847,7499
1093,2013-09-27,3563,7136
1094,2013-09-28,2582,5412
1095,2013-09-29,2632,5493
1096,2013-09-30,3643,6988
1097,2013-10-01,3728,7276
1098,2013-10-02,3597,7012
1099,2013-10-03,3788,7278
1100,2013-10-04,3633,7184
1101,2013-10-05,2637,5445
1102,2013-10-06,2651,5479
1103,2013-10-07,3690,7143
1104,2013-10-08,3899,7566
1105,2013-10-09,3940,7673
1106,2013-10-10,3873,7464
1107,2013-10-11,3609,7073
1108,2013-10-12,2653,5478
1109,2013-10-13,2659,5451
1110,2013-10-14,3505,6817
1111,2013-10-15,3734,7261
1112,2013-10-16,3831,7395
1113,2013-10-17,3867,7461
1114,2013-10-18,3651,7228
1115,2013-10-19,2685,5570
1116,2013-10-20,2718,5567
1117,2013-10-21,3815,7357
1118,2013-10-22,3935,7601
1119,2013-10-23,3950,7616
1120,2013-10-24,4022,7683
1121,2013-10-25,3726,7496
1122,2013-10-26,2704,5614
1123,2013-10-27,2755,5591
1124,2013-10-28,3767,7281
1125,2013-10-29,3966,7688
1126,2013-10-30,3936,7596
1127,2013-10-31,3815,7449
1128,2013-11-01,3401,6858
1129,2013-11-02,2626,5467
1130,2013-11-03,2703,5557
1131,2013-11-04,3602,6941
1132,2013-11-05,3741,7312
1133,2013-11-06,3948,7696
1134,2013-11-07,3996,7614
1135,2013-11-08,3727,7248
1136,2013-11-09,2766,5672
1137,2013-11-10,2793,5661
1138,2013-11-11,3739,7269
1139,2013-11-12,3988,7694
1140,2013-11-13,4001,7774
1141,2013-11-14,3981,7699
1142,2013-11-15,3766,7364
1143,2013-11-16,2827,5794
1144,2013-11-17,2821,5733
1145,2013-11-18,3862,7388
1146,2013-11-19,4010,7774
1147,2013-11-20,4107,7786
1148,2013-11-21,4061,7762
1149,2013-11-22,3837,7425
1150,2013-11-23,2849,5810
1151,2013-11-24,2848,5702
1152,2013-11-25,3838,7372
1153,2013-11-26,4041,7785
1154,2013-11-27,3974,7710
1155,2013-11-28,3684,7171
1156,2013-11-29,3389,6844
1157,2013-11-30,2790,5733
1158,2013-12-01,2773,5621
1159,2013-12-02,3784,7277
1160,2013-12-03,4003,7690
1161,2013-12-04,4077,7800
1162,2013-12-05,4046,7931
1163,2013-12-06,3808,7565
1164,2013-12-07,2837,5829
1165,2013-12-08,2859,5843
1166,2013-12-09,3848,7500
1167,2013-12-10,4029,7918
1168,2013-12-11,4066,7910
1169,2013-12-12,4020,7859
1170,2013-12-13,3687,7369
1171,2013-12-14,2743,5718
1172,2013-12-15,2794,5704
1173,2013-12-16,3774,7458
1174,2013-12-17,3957,7804
1175,2013-12-18,3972,7855
1176,2013-12-19,3886,7695
1177,2013-12-20,3514,7151
1178,2013-12-21,2647,5671
1179,2013-12-22,2658,5589
1180,2013-12-23,3350,6690
1181,2013-12-24,3014,6337
1182,2013-12-25,2552,5471
1183,2013-12-26,3118,6340
1184,2013-12-27,3231,6636
1185,2013-12-28,2682,5728
1186,2013-12-29,2684,5649
1187,2013-12-30,3381,6868
1188,2013-12-31,3003,6442
1189,2014-01-01,2586,5576
1190,2014-01-02,3541,7175
1191,2014-01-03,3655,7395
1192,2014-01-04,2947,6099
1193,2014-01-05,2847,5935
1194,2014-01-06,3737,7308
1195,2014-01-07,3932,7711
1196,2014-01-08,4143,8016
1197,2014-01-09,4078,8030
1198,2014-01-10,3930,7764
1199,2014-01-11,2901,6033
1200,2014-01-12,2872,5963
1201,2014-01-13,3883,7479
1202,2014-01-14,3952,7765
1203,2014-01-15,4109,7948
1204,2014-01-16,4137,7951
1205,2014-01-17,3944,7771
1206,2014-01-18,2963,6070
1207,2014-01-19,2916,6022
1208,2014-01-20,3912,7559
1209,2014-01-21,4142,8077
1210,2014-01-22,4236,8098
1211,2014-01-23,4222,8158
1212,2014-01-24,3928,7785
1213,2014-01-25,2982,6116
1214,2014-01-26,2988,6062
1215,2014-01-27,4037,7810
1216,2014-01-28,4224,8175
1217,2014-01-29,4294,8313
1218,2014-01-30,4172,8058
1219,2014-01-31,3912,7736
1220,2014-02-01,2967,6086
1221,2014-02-02,2949,6003
1222,2014-02-03,3953,7675
1223,2014-02-04,4227,8108
1224,2014-02-05,4259,8142
1225,2014-02-06,4291,8161
1226,2014-02-07,4047,7838
1227,2014-02-08,3031,6173
1228,2014-02-09,3073,6153
1229,2014-02-10,4156,7795
1230,2014-02-11,4329,8161
1231,2014-02-12,4385,8464
1232,2014-02-13,4277,8237
1233,2014-02-14,4018,7894
1234,2014-02-15,3057,6251
1235,2014-02-16,3047,6136
1236,2014-02-17,4094,7752
1237,2014-02-18,4387,8431
1238,2014-02-19,4507,8505
1239,2014-02-20,4466,8536
1240,2014-02-21,4229,8239
1241,2014-02-22,3171,6443
1242,2014-02-23,3156,6344
1243,2014-02-24,4313,8125
1244,2014-02-25,4450,8505
1245,2014-02-26,4506,8560
1246,2014-02-27,4513,8620
1247,2014-02-28,4232,8262
1248,2014-03-01,3129,6327
1249,2014-03-02,3095,6221
1250,2014-03-03,4182,7961
1251,2014-03-04,4386,8224
1252,2014-03-05,4529,8377
1253,2014-03-06,4499,8497
1254,2014-03-07,4215,8106
1255,2014-03-08,3127,6317
1256,2014-03-09,3111,6205
1257,2014-03-10,4259,7962
1258,2014-03-11,4401,8239
1259,2014-03-12,4579,8514
1260,2014-03-13,4583,8552
1261,2014-03-14,4223,8163
1262,2014-03-15,3114,6254
1263,2014-03-16,3139,6231
1264,2014-03-17,4166,7829
1265,2014-03-18,4447,8308
1266,2014-03-19,4564,8517
1267,2014-03-20,4529,8480
1268,2014-03-21,4222,8055
1269,2014-03-22,3158,6317
1270,2014-03-23,3157,6271
1271,2014-03-24,4244,8070
1272,2014-03-25,4449,8304
1273,2014-03-26,4532,8476
1274,2014-03-27,4467,8379
1275,2014-03-28,4160,8034
1276,2014-03-29,3125,6283
1277,2014-03-30,3125,6203
1278,2014-03-31,4158,7868
1279,2014-04-01,4757,8908
1280,2014-04-02,4948,9181
1281,2014-04-03,4877,9165
1282,2014-04-04,4591,8750
1283,2014-04-05,3420,6796
1284,2014-04-06,3444,6716
1285,2014-04-07,4673,8668
1286,2014-04-08,4870,8975
1287,2014-04-09,4847,9116
1288,2014-04-10,4805,9040
1289,2014-04-11,4526,8705
1290,2014-04-12,3404,6730
1291,2014-04-13,3356,6550
1292,2014-04-14,4501,8432
1293,2014-04-15,4727,8800
1294,2014-04-16,4797,8864
1295,2014-04-17,4559,8658
1296,2014-04-18,4069,7789
1297,2014-04-19,3371,6707
1298,2014-04-20,3221,6425
1299,2014-04-21,4165,7851
1300,2014-04-22,4769,8888
1301,2014-04-23,4789,9017
1302,2014-04-24,4726,8978
1303,2014-04-25,4609,8704
1304,2014-04-26,3371,6733
1305,2014-04-27,3386,6676
1306,2014-04-28,4558,8497
1307,2014-04-29,4667,8847
1308,2014-04-30,4465,8545
1309,2014-05-01,4086,7764
1310,2014-05-02,4188,8028
1311,2014-05-03,3312,6644
1312,2014-05-04,3282,6511
1313,2014-05-05,4313,8169
1314,2014-05-06,4505,8534
1315,2014-05-07,4638,8839
1316,2014-05-08,4728,8805
1317,2014-05-09,4323,8300
1318,2014-05-10,3277,6533
1319,2014-05-11,3257,6514
1320,2014-05-12,4420,8289
1321,2014-05-13,4579,8539
1322,2014-05-14,4654,8699
1323,2014-05-15,4661,8698
1324,2014-05-16,3612,7104
1325,2014-05-17,3192,6352
1326,2014-05-18,3148,6298
1327,2014-05-19,4366,8179
1328,2014-05-20,4594,8585
1329,2014-05-21,4721,8758
1330,2014-05-22,4634,8652
1331,2014-05-23,4324,8321
1332,2014-05-24,3142,6418
1333,2014-05-25,3139,6259
1334,2014-05-26,4014,7688
1335,2014-05-27,4433,8370
1336,2014-05-28,4554,8681
1337,2014-05-29,4407,8341
1338,2014-05-30,4233,8164
1339,2014-05-31,2989,6226
1340,2014-06-01,3123,6262
1341,2014-06-02,4183,7964
1342,2014-06-03,4458,8397
1343,2014-06-04,4602,8546
1344,2014-06-05,4563,8566
1345,2014-06-06,4253,8191
1346,2014-06-07,3029,6170
1347,2014-06-08,3184,6312
1348,2014-06-09,4161,7831
1349,2014-06-10,4500,8489
1350,2014-06-11,4467,8482
1351,2014-06-12,4394,8359
1352,2014-06-13,4173,8134
1353,2014-06-14,3112,6327
1354,2014-06-15,3113,6236
1355,2014-06-16,4171,7812
1356,2014-06-17,4487,8298
1357,2014-06-18,4507,8453
1358,2014-06-19,4493,8349
1359,2014-06-20,4197,8012
1360,2014-06-21,3104,6304
1361,2014-06-22,3147,6334
1362,2014-06-23,4265,7999
1363,2014-06-24,4500,8440
1364,2014-06-25,4583,8575
1365,2014-06-26,4520,8400
1366,2014-06-27,4323,8255
1367,2014-06-28,3085,6361
1368,2014-06-29,3065,6248
1369,2014-06-30,4270,8015
1370,2014-07-01,4366,8218
1371,2014-07-02,4568,8612
1372,2014-07-03,4570,8565
1373,2014-07-04,3914,7672
1374,2014-07-05,3100,6378
1375,2014-07-06,3147,6337
1376,2014-07-07,4425,8240
1377,2014-07-08,4527,8495
1378,2014-07-09,4591,8692
1379,2014-07-10,4532,8507
1380,2014-07-11,4324,8251
1381,2014-07-12,3135,6463
1382,2014-07-13,3121,6366
1383,2014-07-14,4386,8159
1384,2014-07-15,4577,8665
1385,2014-07-16,4704,8773
1386,2014-07-17,4654,8780
1387,2014-07-18,4334,8322
1388,2014-07-19,3224,6659
1389,2014-07-20,3171,6463
1390,2014-07-21,4519,8372
1391,2014-07-22,4725,8839
1392,2014-07-23,4738,8938
1393,2014-07-24,4677,8908
1394,2014-07-25,4328,8433
1395,2014-07-26,3222,6612
1396,2014-07-27,3241,6533
1397,2014-07-28,4318,8153
1398,2014-07-29,4470,8399
1399,2014-07-30,4583,8717
1400,2014-07-31,4573,8776
1401,2014-08-01,4253,8336
1402,2014-08-02,3179,6549
1403,2014-08-03,3156,6485
1404,2014-08-04,4280,8124
1405,2014-08-05,4493,8461
1406,2014-08-06,4637,8686
1407,2014-08-07,4618,8706
1408,2014-08-08,4340,8354
1409,2014-08-09,3239,6553
1410,2014-08-10,3223,6517
1411,2014-08-11,4388,8317
1412,2014-08-12,4629,8708
1413,2014-08-13,4624,8822
1414,2014-08-14,4562,8711
1415,2014-08-15,3940,7822
1416,2014-08-16,3145,6442
1417,2014-08-17,3184,6472
1418,2014-08-18,4289,8110
1419,2014-08-19,4531,8565
1420,2014-08-20,4562,8688
1421,2014-08-21,4544,8679
1422,2014-08-22,4313,8361
1423,2014-08-23,3235,6643
1424,2014-08-24,3253,6550
1425,2014-08-25,4228,8142
1426,2014-08-26,4524,8559
1427,2014-08-27,4592,8811
1428,2014-08-28,4508,8641
1429,2014-08-29,4095,8118
1430,2014-08-30,3186,6637
1431,2014-08-31,3156,6482
1432,2014-09-01,4049,7804
1433,2014-09-02,4410,8435
1434,2014-09-03,4555,8667
1435,2014-09-04,4554,8705
1436,2014-09-05,4249,8251
1437,2014-09-06,3272,6631
1438,2014-09-07,3227,6626
1439,2014-09-08,4307,8191
1440,2014-09-09,4466,8573
1441,2014-09-10,4639,8740
1442,2014-09-11,4640,8800
1443,2014-09-12,4351,8493
1444,2014-09-13,3298,6664
1445,2014-09-14,3310,6669
1446,2014-09-15,4411,8308
1447,2014-09-16,4587,8714
1448,2014-09-17,4653,8807
1449,2014-09-18,4710,8784
1450,2014-09-19,4345,8426
1451,2014-09-20,3310,6749
1452,2014-09-21,3348,6711
1453,2014-09-22,4444,8344
1454,2014-09-23,4642,8843
1455,2014-09-24,4663,8863
1456,2014-09-25,4631,8789
1457,2014-09-26,4448,8516
1458,2014-09-27,3289,6745
1459,2014-09-28,3324,6739
1460,2014-09-29,4438,8500
1461,2014-09-30,4604,8785
1462,2014-10-01,4545,8550
1463,2014-10-02,4353,8347
1464,2014-10-03,4068,8014
1465,2014-10-04,3277,6708
1466,2014-10-05,3343,6699
1467,2014-10-06,4272,8129
1468,2014-10-07,4487,8625
1469,2014-10-08,4600,8714
1470,2014-10-09,4669,8822
1471,2014-10-10,4434,8559
1472,2014-10-11,3391,6872
1473,2014-10-12,3414,6841
1474,2014-10-13,4486,8356
1475,2014-10-14,4670,8855
1476,2014-10-15,4700,8883
1477,2014-10-16,4728,8864
1478,2014-10-17,4342,8425
1479,2014-10-18,3387,6873
1480,2014-10-19,3403,6892
1481,2014-10-20,4541,8516
1482,2014-10-21,4667,8827
1483,2014-10-22,4610,8742
1484,2014-10-23,4528,8692
1485,2014-10-24,4320,8340
1486,2014-10-25,3386,6867
1487,2014-10-26,3447,6926
1488,2014-10-27,4469,8420
1489,2014-10-28,4677,8872
1490,2014-10-29,4779,8965
1491,2014-10-30,4825,9108
1492,2014-10-31,4446,8556
1493,2014-11-01,3236,6710
1494,2014-11-02,3502,7065
1495,2014-11-03,4480,8475
1496,2014-11-04,4781,8971
1497,2014-11-05,4760,8991
1498,2014-11-06,4783,9067
1499,2014-11-07,4568,8654
1500,2014-11-08,3476,7087
1501,2014-11-09,3515,7055
1502,2014-11-10,4566,8696
1503,2014-11-11,4720,8927
1504,2014-11-12,4806,9033
1505,2014-11-13,4710,8966
1506,2014-11-14,4490,8722
1507,2014-11-15,3512,7059
1508,2014-11-16,3509,7062
1509,2014-11-17,4649,8709
1510,2014-11-18,4870,9059
1511,2014-11-19,4837,9179
1512,2014-11-20,4854,9135
1513,2014-11-21,4554,8803
1514,2014-11-22,3514,7147
1515,2014-11-23,3606,7201
1516,2014-11-24,4601,8706
1517,2014-11-25,4793,9187
1518,2014-11-26,4748,9087
1519,2014-11-27,4392,8544
1520,2014-11-28,4223,8170
1521,2014-11-29,3504,7094
1522,2014-11-30,3526,7087
1523,2014-12-01,4536,8594
1524,2014-12-02,4755,9008
1525,2014-12-03,4831,9272
1526,2014-12-04,4829,9187
1527,2014-12-05,4543,8808
1528,2014-12-06,3501,7146
1529,2014-12-07,3554,7133
1530,2014-12-08,4564,8629
1531,2014-12-09,4800,9055
1532,2014-12-10,4764,9060
1533,2014-12-11,4765,9066
1534,2014-12-12,4450,8644
1535,2014-12-13,3427,7096
1536,2014-12-14,3459,7016
1537,2014-12-15,4418,8679
1538,2014-12-16,4574,8957
1539,2014-12-17,4620,8927
1540,2014-12-18,4581,9003
1541,2014-12-19,4236,8420
1542,2014-12-20,3295,7004
1543,2014-12-21,3300,6903
1544,2014-12-22,4216,8264
1545,2014-12-23,4205,8394
1546,2014-12-24,3727,7659
1547,2014-12-25,3164,6733
1548,2014-12-26,3528,7251
1549,2014-12-27,3294,6889
1550,2014-12-28,3323,6898
1551,2014-12-29,4067,8081
1552,2014-12-30,4149,8242
1553,2014-12-31,3698,7671
1554,2015-01-01,3206,6761
1555,2015-01-02,3912,7844
1556,2015-01-03,3457,7179
1557,2015-01-04,3493,7209
1558,2015-01-05,4357,8542
1559,2015-01-06,4493,8766
1560,2015-01-07,4656,8994
1561,2015-01-08,4726,9042
1562,2015-01-09,4548,8810
1563,2015-01-10,3529,7263
1564,2015-01-11,3556,7209
1565,2015-01-12,4532,8678
1566,2015-01-13,4725,9034
1567,2015-01-14,4757,9029
1568,2015-01-15,4723,8984
1569,2015-01-16,4558,8838
1570,2015-01-17,3551,7261
1571,2015-01-18,3529,7111
1572,2015-01-19,4636,8739
1573,2015-01-20,4854,9259
1574,2015-01-21,4887,9209
1575,2015-01-22,4836,9199
1576,2015-01-23,4623,8886
1577,2015-01-24,3562,7269
1578,2015-01-25,3631,7298
1579,2015-01-26,4441,8507
1580,2015-01-27,4801,9140
1581,2015-01-28,4956,9288
1582,2015-01-29,4916,9360
1583,2015-01-30,4590,8856
1584,2015-01-31,3630,7353
1585,2015-02-01,3659,7349
1586,2015-02-02,4658,8779
1587,2015-02-03,4947,9308
1588,2015-02-04,5019,9484
1589,2015-02-05,4945,9428
1590,2015-02-06,4713,9088
1591,2015-02-07,3717,7511
1592,2015-02-08,3726,7482
1593,2015-02-09,4842,9058
1594,2015-02-10,4965,9396
1595,2015-02-11,4989,9528
1596,2015-02-12,5101,9537
1597,2015-02-13,4714,9123
1598,2015-02-14,3568,7296
1599,2015-02-15,3631,7344
1600,2015-02-16,4701,8885
1601,2015-02-17,4909,9147
1602,2015-02-18,5064,9518
1603,2015-02-19,5043,9623
1604,2015-02-20,4757,9256
1605,2015-02-21,3811,7644
1606,2015-02-22,3781,7472
1607,2015-02-23,4874,9151
1608,2015-02-24,5047,9562
1609,2015-02-25,5115,9609
1610,2015-02-26,5101,9560
1611,2015-02-27,4830,9300
1612,2015-02-28,3728,7618
1613,2015-03-01,3789,7617
1614,2015-03-02,4866,9137
1615,2015-03-03,5049,9473
1616,2015-03-04,5157,9580
1617,2015-03-05,5075,9541
1618,2015-03-06,4708,8991
1619,2015-03-07,3741,7584
1620,2015-03-08,3766,7505
1621,2015-03-09,4837,9109
1622,2015-03-10,5045,9447
1623,2015-03-11,5188,9689
1624,2015-03-12,5151,9569
1625,2015-03-13,4881,9309
1626,2015-03-14,3764,7554
1627,2015-03-15,3790,7580
1628,2015-03-16,4954,9283
1629,2015-03-17,5134,9585
1630,2015-03-18,5138,9605
1631,2015-03-19,5047,9444
1632,2015-03-20,4779,9189
1633,2015-03-21,3761,7610
1634,2015-03-22,3829,7590
1635,2015-03-23,4908,9270
1636,2015-03-24,5113,9468
1637,2015-03-25,5230,9752
1638,2015-03-26,5031,9487
1639,2015-03-27,4885,9287
1640,2015-03-28,3819,7663
1641,2015-03-29,3869,7723
1642,2015-03-30,5053,9392
1643,2015-03-31,5055,9525
1644,2015-04-01,5084,9532
1645,2015-04-02,4942,9425
1646,2015-04-03,4396,8571
1647,2015-04-04,3790,7543
1648,2015-04-05,3668,7473
1649,2015-04-06,4560,8707
1650,2015-04-07,4979,9512
1651,2015-04-08,5190,9914
1652,2015-04-09,5214,9921
1653,2015-04-10,4898,9501
1654,2015-04-11,3768,7757
1655,2015-04-12,3795,7641
1656,2015-04-13,4907,9307
1657,2015-04-14,5059,9705
1658,2015-04-15,5189,9996
1659,2015-04-16,5296,10304
1660,2015-04-17,5059,10089
1661,2015-04-18,3911,8005
1662,2015-04-19,3975,7951
1663,2015-04-20,5184,9918
1664,2015-04-21,5349,10272
1665,2015-04-22,5496,10502
1666,2015-04-23,5461,10384
1667,2015-04-24,5092,9977
1668,2015-04-25,3909,7959
1669,2015-04-26,3972,8007
1670,2015-04-27,5175,9882
1671,2015-04-28,5311,10070
1672,2015-04-29,5305,10299
1673,2015-04-30,5143,9966
1674,2015-05-01,4433,8857
1675,2015-05-02,3840,7886
1676,2015-05-03,3883,7816
1677,2015-05-04,4941,9579
1678,2015-05-05,5187,9920
1679,2015-05-06,5335,10162
1680,2015-05-07,5289,10079
1681,2015-05-08,4960,9565
1682,2015-05-09,3811,7762
1683,2015-05-10,3814,7740
1684,2015-05-11,5084,9602
1685,2015-05-12,5296,10058
1686,2015-05-13,5220,10060
1687,2015-05-14,5117,9747
1688,2015-05-15,4916,9550
1689,2015-05-16,3808,7763
1690,2015-05-17,3782,7768
1691,2015-05-18,4990,9521
1692,2015-05-19,5261,9927
1693,2015-05-20,5332,10119
1694,2015-05-21,5281,10120
1695,2015-05-22,4973,9639
1696,2015-05-23,3767,7766
1697,2015-05-24,3744,7651
1698,2015-05-25,4588,8914
1699,2015-05-26,5270,10018
1700,2015-05-27,5323,10203
1701,2015-05-28,5312,10154
1702,2015-05-29,5051,9766
1703,2015-05-30,3832,7863
1704,2015-05-31,3869,7732
1705,2015-06-01,5043,9547
1706,2015-06-02,5275,10006
1707,2015-06-03,5403,10235
1708,2015-06-04,5275,10020
1709,2015-06-05,5051,9627
1710,2015-06-06,3779,7781
1711,2015-06-07,3809,7717
1712,2015-06-08,5042,9573
1713,2015-06-09,5341,10138
1714,2015-06-10,5408,10246
1715,2015-06-11,5376,10166
1716,2015-06-12,4872,9552
1717,2015-06-13,3781,7711
1718,2015-06-14,3776,7775
1719,2015-06-15,5047,9555
1720,2015-06-16,5300,10060
1721,2015-06-17,5398,10128
1722,2015-06-18,5308,10074
1723,2015-06-19,4960,9718
1724,2015-06-20,3805,7756
1725,2015-06-21,3785,7697
1726,2015-06-22,5081,9571
1727,2015-06-23,5332,10096
1728,2015-06-24,5376,10120
1729,2015-06-25,5349,10108
1730,2015-06-26,5046,9713
1731,2015-06-27,3783,7844
1732,2015-06-28,3854,7843
1733,2015-06-29,5154,9626
1734,2015-06-30,5325,9983
1735,2015-07-01,5332,9994
1736,2015-07-02,5300,10006
1737,2015-07-03,4757,9393
1738,2015-07-04,3773,7767
1739,2015-07-05,3724,7678
1740,2015-07-06,5131,9754
1741,2015-07-07,5399,10182
1742,2015-07-08,5497,10307
1743,2015-07-09,5478,10361
1744,2015-07-10,5093,9895
1745,2015-07-11,3820,7874
1746,2015-07-12,3814,7849
1747,2015-07-13,5187,9763
1748,2015-07-14,5401,10248
1749,2015-07-15,5423,10282
1750,2015-07-16,5339,10168
1751,2015-07-17,4934,9577
1752,2015-07-18,3743,7783
1753,2015-07-19,3816,7824
1754,2015-07-20,5095,9674
1755,2015-07-21,5350,10234
1756,2015-07-22,5484,10405
1757,2015-07-23,5466,10333
1758,2015-07-24,5130,9843
1759,2015-07-25,3838,7894
1760,2015-07-26,3852,7903
1761,2015-07-27,5242,9867
1762,2015-07-28,5496,10250
1763,2015-07-29,5494,10396
1764,2015-07-30,5317,10110
1765,2015-07-31,5038,9836
1766,2015-08-01,3774,7853
1767,2015-08-02,3836,7814
1768,2015-08-03,5126,9717
1769,2015-08-04,5295,10114
1770,2015-08-05,5424,10178
1771,2015-08-06,5356,10170
1772,2015-08-07,5015,9738
1773,2015-08-08,3795,7852
1774,2015-08-09,3809,7793
1775,2015-08-10,5140,9768
1776,2015-08-11,5352,10175
1777,2015-08-12,5397,10221
1778,2015-08-13,5368,10172
1779,2015-08-14,4940,9651
1780,2015-08-15,3800,7863
1781,2015-08-16,3827,7934
1782,2015-08-17,5072,9650
1783,2015-08-18,5343,10176
1784,2015-08-19,5394,10209
1785,2015-08-20,5394,10182
1786,2015-08-21,5014,9895
1787,2015-08-22,3853,8033
1788,2015-08-23,3894,8021
1789,2015-08-24,5101,9804
1790,2015-08-25,5316,10174
1791,2015-08-26,5307,10219
1792,2015-08-27,5294,10281
1793,2015-08-28,4911,9828
1794,2015-08-29,3840,7961
1795,2015-08-30,3849,7928
1796,2015-08-31,4969,9478
1797,2015-09-01,5205,9890
1798,2015-09-02,5300,10141
1799,2015-09-03,5261,10135
1800,2015-09-04,4991,9729
1801,2015-09-05,3875,7970
1802,2015-09-06,3926,7976
1803,2015-09-07,4772,9303
1804,2015-09-08,5202,9988
1805,2015-09-09,5225,10097
1806,2015-09-10,5299,10191
1807,2015-09-11,5047,9811
1808,2015-09-12,3914,8116
1809,2015-09-13,3900,7994
1810,2015-09-14,5083,9610
1811,2015-09-15,5278,10037
1812,2015-09-16,5428,10327
1813,2015-09-17,5196,9979
1814,2015-09-18,5114,9975
1815,2015-09-19,3992,8213
1816,2015-09-20,3953,8107
1817,2015-09-21,5154,9876
1818,2015-09-22,5359,10266
1819,2015-09-23,5283,10138
1820,2015-09-24,5195,10060
1821,2015-09-25,4916,9719
1822,2015-09-26,3940,8120
1823,2015-09-27,3930,8059
1824,2015-09-28,5019,9638
1825,2015-09-29,5283,10175
1826,2015-09-30,5227,10082
1827,2015-10-01,5194,9992
1828,2015-10-02,4930,9595
1829,2015-10-03,3954,8173
1830,2015-10-04,3932,8079
1831,2015-10-05,5081,9733
1832,2015-10-06,5312,10069
1833,2015-10-07,5471,10287
1834,2015-10-08,5530,10409
1835,2015-10-09,5139,10025
1836,2015-10-10,4005,8221
1837,2015-10-11,4006,8150
1838,2015-10-12,5142,9841
1839,2015-10-13,5372,10251
1840,2015-10-14,5483,10385
1841,2015-10-15,5421,10279
1842,2015-10-16,5131,9971
1843,2015-10-17,4039,8277
1844,2015-10-18,4055,8245
1845,2015-10-19,5270,9956
1846,2015-10-20,5488,10286
1847,2015-10-21,5348,10267
1848,2015-10-22,5298,10101
1849,2015-10-23,5113,9938
1850,2015-10-24,4067,8279
1851,2015-10-25,4077,8331
1852,2015-10-26,5293,9968
1853,2015-10-27,5444,10379
1854,2015-10-28,5469,10386
1855,2015-10-29,5451,10389
1856,2015-10-30,5054,9839
1857,2015-10-31,3997,8244
1858,2015-11-01,4017,8131
1859,2015-11-02,5178,9866
1860,2015-11-03,5392,10233
1861,2015-11-04,5432,10368
1862,2015-11-05,5451,10321
1863,2015-11-06,5151,9946
1864,2015-11-07,4096,8371
1865,2015-11-08,4091,8212
1866,2015-11-09,5147,9762
1867,2015-11-10,5348,10126
1868,2015-11-11,5170,9928
1869,2015-11-12,5332,10155
1870,2015-11-13,5111,9926
1871,2015-11-14,4060,8309
1872,2015-11-15,4132,8348
1873,2015-11-16,5201,9904
1874,2015-11-17,5473,10313
1875,2015-11-18,5561,10546
1876,2015-11-19,5608,10590
1877,2015-11-20,5292,10199
1878,2015-11-21,4137,8436
1879,2015-11-22,4145,8372
1880,2015-11-23,5305,10122
1881,2015-11-24,5490,10552
1882,2015-11-25,5387,10318
1883,2015-11-26,5123,9974
1884,2015-11-27,4805,9502
1885,2015-11-28,4111,8364
1886,2015-11-29,4153,8407
1887,2015-11-30,5238,9966
1888,2015-12-01,5433,10344
1889,2015-12-02,5519,10435
1890,2015-12-03,5541,10520
1891,2015-12-04,5246,10129
1892,2015-12-05,4138,8476
1893,2015-12-06,4209,8440
1894,2015-12-07,5338,10113
1895,2015-12-08,5512,10440
1896,2015-12-09,5509,10498
1897,2015-12-10,5454,10470
1898,2015-12-11,5208,10157
1899,2015-12-12,4175,8521
1900,2015-12-13,4157,8395
1901,2015-12-14,5313,10183
1902,2015-12-15,5521,10581
1903,2015-12-16,5446,10555
1904,2015-12-17,5371,10409
1905,2015-12-18,5013,9990
1906,2015-12-19,4014,8393
1907,2015-12-20,4000,8319
1908,2015-12-21,5079,9886
1909,2015-12-22,5150,10072
1910,2015-12-23,4974,9962
1911,2015-12-24,4318,8886
1912,2015-12-25,3749,7977
1913,2015-12-26,3810,8005
1914,2015-12-27,3905,8214
1915,2015-12-28,4713,9413
1916,2015-12-29,4964,9836
1917,2015-12-30,4867,9815
1918,2015-12-31,4281,8980
1919,2016-01-01,3770,8068
1920,2016-01-02,4001,8380
1921,2016-01-03,4077,8486
1922,2016-01-04,5039,9940
1923,2016-01-05,5307,10381
1924,2016-01-06,5398,10404
1925,2016-01-07,5446,10504
1926,2016-01-08,5236,10233
1927,2016-01-09,4222,8694
1928,2016-01-10,4202,8595
1929,2016-01-11,5365,10269
1930,2016-01-12,5520,10666
1931,2016-01-13,5589,10728
1932,2016-01-14,5530,10607
1933,2016-01-15,5167,10171
1934,2016-01-16,4175,8573
1935,2016-01-17,4247,8603
1936,2016-01-18,5358,10235
1937,2016-01-19,5519,10670
1938,2016-01-20,5699,10762
1939,2016-01-21,5592,10860
1940,2016-01-22,5369,10400
1941,2016-01-23,4301,8777
1942,2016-01-24,4298,8810
1943,2016-01-25,5444,10440
1944,2016-01-26,5433,10473
1945,2016-01-27,5713,10932
1946,2016-01-28,5670,10908
1947,2016-01-29,5388,10534
1948,2016-01-30,4260,8830
1949,2016-01-31,4283,8804
1950,2016-02-01,5434,10398
1951,2016-02-02,5650,10795
1952,2016-02-03,5744,10879
1953,2016-02-04,5666,10886
1954,2016-02-05,5371,10508
1955,2016-02-06,4296,8800
1956,2016-02-07,4331,8839
1957,2016-02-08,5312,10322
1958,2016-02-09,5584,10677
1959,2016-02-10,5713,10858
1960,2016-02-11,5786,10919
1961,2016-02-12,5398,10546
1962,2016-02-13,4308,8851
1963,2016-02-14,4247,8681
1964,2016-02-15,5486,10434
1965,2016-02-16,5745,10924
1966,2016-02-17,5827,11069
1967,2016-02-18,5834,11050
1968,2016-02-19,5499,10673
1969,2016-02-20,4421,8980
1970,2016-02-21,4426,8957
1971,2016-02-22,5610,10576
1972,2016-02-23,5789,10995
1973,2016-02-24,5867,11122
1974,2016-02-25,5920,11117
1975,2016-02-26,5569,10845
1976,2016-02-27,4423,8993
1977,2016-02-28,4376,8951
1978,2016-02-29,5540,10583
1979,2016-03-01,5725,10917
1980,2016-03-02,5877,11004
1981,2016-03-03,5953,11055
1982,2016-03-04,5561,10870
1983,2016-03-05,4445,9009
1984,2016-03-06,4368,8882
1985,2016-03-07,5576,10647
1986,2016-03-08,5863,10900
1987,2016-03-09,5832,11074
1988,2016-03-10,5837,11062
1989,2016-03-11,5535,10659
1990,2016-03-12,4367,8961
1991,2016-03-13,4392,8914
1992,2016-03-14,5645,10719
1993,2016-03-15,5803,11012
1994,2016-03-16,5873,11119
1995,2016-03-17,5803,11084
1996,2016-03-18,5445,10806
1997,2016-03-19,4311,8918
1998,2016-03-20,4355,8855
1999,2016-03-21,5609,10698
2000,2016-03-22,5722,10865
2001,2016-03-23,5716,10921
2002,2016-03-24,5407,10471
2003,2016-03-25,5006,9940
2004,2016-03-26,4324,8913
2005,2016-03-27,4286,8809
2006,2016-03-28,5194,10113
2007,2016-03-29,5790,11058
2008,2016-03-30,5822,11203
2009,2016-03-31,5782,11058
2010,2016-04-01,5628,10651
2011,2016-04-02,4472,8923
2012,2016-04-03,4526,8994
2013,2016-04-04,5708,10642
2014,2016-04-05,5989,11063
2015,2016-04-06,6065,11278
2016,2016-04-07,6079,11188
2017,2016-04-08,5686,10738
2018,2016-04-09,4561,9059
2019,2016-04-10,4521,8954
2020,2016-04-11,5875,10887
2021,2016-04-12,6048,11259
2022,2016-04-13,6119,11348
2023,2016-04-14,6002,11177
2024,2016-04-15,5768,10851
2025,2016-04-16,4534,8990
2026,2016-04-17,4517,8933
2027,2016-04-18,5878,10805
2028,2016-04-19,6133,11320
2029,2016-04-20,6166,11460
2030,2016-04-21,6078,11398
2031,2016-04-22,5716,10928
2032,2016-04-23,4548,9097
2033,2016-04-24,4521,9007
2034,2016-04-25,5841,10864
2035,2016-04-26,6080,11288
2036,2016-04-27,6051,11401
2037,2016-04-28,6019,11225
2038,2016-04-29,5649,10811
2039,2016-04-30,4492,9044
2040,2016-05-01,4431,8951
2041,2016-05-02,5473,10452
2042,2016-05-03,5857,10925
2043,2016-05-04,5964,11141
2044,2016-05-05,5675,10814
2045,2016-05-06,5517,10670
2046,2016-05-07,4428,8956
2047,2016-05-08,4372,8830
2048,2016-05-09,5618,10595
2049,2016-05-10,5923,11148
2050,2016-05-11,5966,11314
2051,2016-05-12,6008,11250
2052,2016-05-13,5665,10828
2053,2016-05-14,4457,9071
2054,2016-05-15,4458,8981
2055,2016-05-16,5486,10445
2056,2016-05-17,5870,11020
2057,2016-05-18,5961,11162
2058,2016-05-19,6000,11252
2059,2016-05-20,5640,10793
2060,2016-05-21,4432,8971
2061,2016-05-22,4482,8949
2062,2016-05-23,5724,10695
2063,2016-05-24,5941,11096
2064,2016-05-25,5989,11131
2065,2016-05-26,5907,11124
2066,2016-05-27,5550,10776
2067,2016-05-28,4337,8904
2068,2016-05-29,4422,8919
2069,2016-05-30,5407,10257
2070,2016-05-31,5782,10952
2071,2016-06-01,5876,11070
2072,2016-06-02,5949,11108
2073,2016-06-03,5605,10777
2074,2016-06-04,4348,8953
2075,2016-06-05,4357,8885
2076,2016-06-06,5648,10554
2077,2016-06-07,5910,10959
2078,2016-06-08,5988,11138
2079,2016-06-09,5962,11081
2080,2016-06-10,5579,10710
2081,2016-06-11,4358,8927
2082,2016-06-12,4359,8842
2083,2016-06-13,5668,10573
2084,2016-06-14,5948,11123
2085,2016-06-15,6028,11217
2086,2016-06-16,5925,11246
2087,2016-06-17,5618,10693
2088,2016-06-18,4365,8947
2089,2016-06-19,4367,8821
2090,2016-06-20,5626,10592
2091,2016-06-21,5981,11061
2092,2016-06-22,6015,11267
2093,2016-06-23,5964,11262
2094,2016-06-24,5489,10644
2095,2016-06-25,4328,8860
2096,2016-06-26,4325,8865
2097,2016-06-27,5680,10651
2098,2016-06-28,5957,11183
2099,2016-06-29,6049,11305
2100,2016-06-30,5929,11203
2101,2016-07-01,5531,10700
2102,2016-07-02,4325,8915
2103,2016-07-03,4296,8841
2104,2016-07-04,5333,10317
2105,2016-07-05,5711,10850
2106,2016-07-06,5716,10814
2107,2016-07-07,5793,10882
2108,2016-07-08,5494,10673
2109,2016-07-09,4318,8946
2110,2016-07-10,4330,8899
2111,2016-07-11,5685,10643
2112,2016-07-12,5938,11096
2113,2016-07-13,5970,11166
2114,2016-07-14,5890,11086
2115,2016-07-15,5611,10777
2116,2016-07-16,4322,8948
2117,2016-07-17,4405,8911
2118,2016-07-18,5689,10666
2119,2016-07-19,5911,11110
2120,2016-07-20,5931,11037
2121,2016-07-21,6060,11300
2122,2016-07-22,5642,10788
2123,2016-07-23,4394,9035
2124,2016-07-24,4413,9015
2125,2016-07-25,5742,10856
2126,2016-07-26,5933,11149
2127,2016-07-27,5950,11307
2128,2016-07-28,6012,11372
2129,2016-07-29,5573,10871
2130,2016-07-30,4389,9020
2131,2016-07-31,4340,8860
2132,2016-08-01,5675,10698
2133,2016-08-02,5903,11155
2134,2016-08-03,6001,11309
2135,2016-08-04,5934,11201
2136,2016-08-05,5576,10743
2137,2016-08-06,4365,9009
2138,2016-08-07,4401,8865
2139,2016-08-08,5714,10721
2140,2016-08-09,5889,11119
2141,2016-08-10,5971,11349
2142,2016-08-11,5909,11252
2143,2016-08-12,5570,10846
2144,2016-08-13,4376,8993
2145,2016-08-14,4349,8874
2146,2016-08-15,5293,10195
2147,2016-08-16,5792,11118
2148,2016-08-17,5851,11084
2149,2016-08-18,5816,11009
2150,2016-08-19,5569,10840
2151,2016-08-20,4417,9104
2152,2016-08-21,4391,9012
2153,2016-08-22,5720,10907
2154,2016-08-23,5880,11140
2155,2016-08-24,5917,11251
2156,2016-08-25,5862,11106
2157,2016-08-26,5541,10813
2158,2016-08-27,4430,9137
2159,2016-08-28,4424,8991
2160,2016-08-29,5632,10775
2161,2016-08-30,5814,11175
2162,2016-08-31,5869,11246
2163,2016-09-01,5700,11142
2164,2016-09-02,5723,10780
2165,2016-09-03,4449,9087
2166,2016-09-04,4468,9067
2167,2016-09-05,5326,10168
2168,2016-09-06,5896,10923
2169,2016-09-07,6040,11013
2170,2016-09-08,6001,11028
2171,2016-09-09,5722,10729
2172,2016-09-10,4504,9160
2173,2016-09-11,4454,9080
2174,2016-09-12,5692,10528
2175,2016-09-13,5841,10912
2176,2016-09-14,5960,10973
2177,2016-09-15,5950,10956
2178,2016-09-16,5787,10811
2179,2016-09-17,4624,9344
2180,2016-09-18,4652,9205
2181,2016-09-19,5951,10829
2182,2016-09-20,6134,11166
2183,2016-09-21,6280,11363
2184,2016-09-22,6272,11276
2185,2016-09-23,5930,11035
2186,2016-09-24,4546,9322
2187,2016-09-25,4567,9257
2188,2016-09-26,5998,11110
2189,2016-09-27,6172,11248
2190,2016-09-28,6398,11487
2191,2016-09-29,6253,11348
2192,2016-09-30,5825,10922
2193,2016-10-01,4559,9296
2194,2016-10-02,4488,9161
2195,2016-10-03,5692,10750
2196,2016-10-04,6000,11123
2197,2016-10-05,6149,11221
2198,2016-10-06,6079,11301
2199,2016-10-07,5775,10991
2200,2016-10-08,4623,9390
2201,2016-10-09,4589,9331
2202,2016-10-10,5655,10652
2203,2016-10-11,5814,10952
2204,2016-10-12,6078,11230
2205,2016-10-13,6202,11388
2206,2016-10-14,5881,11143
2207,2016-10-15,4662,9520
2208,2016-10-16,4614,9404
2209,2016-10-17,5936,10975
2210,2016-10-18,6148,11439
2211,2016-10-19,6290,11609
2212,2016-10-20,6244,11520
2213,2016-10-21,5865,11112
2214,2016-10-22,4621,9387
2215,2016-10-23,4585,9291
2216,2016-10-24,5916,10912
2217,2016-10-25,6194,11350
2218,2016-10-26,6210,11397
2219,2016-10-27,6175,11323
2220,2016-10-28,5646,10800
2221,2016-10-29,4515,9203
2222,2016-10-30,4490,9209
2223,2016-10-31,5534,10444
2224,2016-11-01,5649,10636
2225,2016-11-02,6069,11175
2226,2016-11-03,6128,11189
2227,2016-11-04,5798,11079
2228,2016-11-05,4637,9435
2229,2016-11-06,4693,9439
2230,2016-11-07,6020,11066
2231,2016-11-08,6124,11270
2232,2016-11-09,5879,10816
2233,2016-11-10,6092,11187
2234,2016-11-11,5780,10802
2235,2016-11-12,4647,9382
2236,2016-11-13,4646,9425
2237,2016-11-14,5877,10893
2238,2016-11-15,6152,11353
2239,2016-11-16,6232,11580
2240,2016-11-17,6273,11509
2241,2016-11-18,5924,11205
2242,2016-11-19,4706,9547
2243,2016-11-20,4771,9552
2244,2016-11-21,6023,11132
2245,2016-11-22,6176,11426
2246,2016-11-23,6180,11528
2247,2016-11-24,5833,11091
2248,2016-11-25,5575,10680
2249,2016-11-26,4606,9423
2250,2016-11-27,4692,9397
2251,2016-11-28,5944,11110
2252,2016-11-29,6220,11538
2253,2016-11-30,6234,11537
